{
  "files": [
    {
      "features": [
        {
          "repairPatterns": {
            "codeMove": 0,
            "condBlockExcAdd": 0,
            "condBlockOthersAdd": 0,
            "condBlockRem": 0,
            "condBlockRetAdd": 0,
            "constChange": 0,
            "copyPaste": 0,
            "expArithMod": 0,
            "expLogicExpand": 0,
            "expLogicMod": 0,
            "expLogicReduce": 0,
            "missNullCheckN": 0,
            "missNullCheckP": 0,
            "notClassified": 0,
            "singleLine": 0,
            "unwrapIfElse": 0,
            "unwrapMethod": 0,
            "unwrapTryCatch": 0,
            "wrapsElse": 0,
            "wrapsIf": 0,
            "wrapsIfElse": 0,
            "wrapsLoop": 0,
            "wrapsMethod": 6,
            "wrapsTryCatch": 0,
            "wrongMethodRef": 1,
            "wrongVarRef": 3
          }
        }
      ],
      "file_name": "patch1_2-Closure-34-Developer-t.java"
    }
  ],
  "id": "patch1_2-Closure-34-Developer-s.java->patch1_2-Closure-34-Developer-t.java"
}